{
    "0":{
        "E_mean":0.554199909,
        "E_field":60228.122016523,
        "fitness":0.554199909
    },
    "1":{
        "E_mean":0.5555264377,
        "E_field":60103.5721631107,
        "fitness":0.5555264377
    },
    "2":{
        "E_mean":0.5563049843,
        "E_field":60046.7282341239,
        "fitness":0.5563049843
    },
    "3":{
        "E_mean":0.5568213439,
        "E_field":60018.2677337955,
        "fitness":0.5568213439
    },
    "4":{
        "E_mean":0.557229216,
        "E_field":60003.9753181866,
        "fitness":0.557229216
    },
    "5":{
        "E_mean":0.5575530753,
        "E_field":59994.5263796111,
        "fitness":0.5570057132
    },
    "6":{
        "E_mean":0.5579154309,
        "E_field":60000.8487731387,
        "fitness":0.5579154309
    },
    "7":{
        "E_mean":0.558207875,
        "E_field":59986.2377523939,
        "fitness":0.5568316503
    },
    "8":{
        "E_mean":0.5584971362,
        "E_field":59986.9997584427,
        "fitness":0.557197112
    },
    "9":{
        "E_mean":0.5586824605,
        "E_field":59972.7133141331,
        "fitness":0.5559537919
    },
    "10":{
        "E_mean":0.5589336079,
        "E_field":59981.0028889062,
        "fitness":0.5570338968
    },
    "11":{
        "E_mean":0.5591552205,
        "E_field":59975.3086893804,
        "fitness":0.5566860894
    },
    "12":{
        "E_mean":0.5594512902,
        "E_field":59980.9084544749,
        "fitness":0.5575421356
    },
    "13":{
        "E_mean":0.5596849062,
        "E_field":59973.8663283227,
        "fitness":0.557071539
    },
    "14":{
        "E_mean":0.5598180406,
        "E_field":59964.9949151271,
        "fitness":0.5563175321
    },
    "15":{
        "E_mean":0.5600279016,
        "E_field":59967.6741970519,
        "fitness":0.5567953213
    },
    "16":{
        "E_mean":0.5602823566,
        "E_field":59967.9165961302,
        "fitness":0.5570740162
    },
    "17":{
        "E_mean":0.5604851475,
        "E_field":59964.6358611382,
        "fitness":0.5569487336
    },
    "18":{
        "E_mean":0.5607111848,
        "E_field":59966.9302538804,
        "fitness":0.5574042102
    },
    "19":{
        "E_mean":0.5608920189,
        "E_field":59968.2177702885,
        "fitness":0.557713796
    },
    "20":{
        "E_mean":0.5610489434,
        "E_field":59959.5768388665,
        "fitness":0.5570066273
    },
    "21":{
        "E_mean":0.5611426706,
        "E_field":59958.5457283771,
        "fitness":0.5569972434
    },
    "22":{
        "E_mean":0.561264569,
        "E_field":59959.2178652672,
        "fitness":0.5571863555
    },
    "23":{
        "E_mean":0.5614787475,
        "E_field":59969.5145601886,
        "fitness":0.5584302035
    },
    "24":{
        "E_mean":0.5615491822,
        "E_field":59953.9024145291,
        "fitness":0.5569394236
    },
    "25":{
        "E_mean":0.5616569164,
        "E_field":59955.0970282879,
        "fitness":0.5571666192
    },
    "26":{
        "E_mean":0.5617104853,
        "E_field":59947.1369004976,
        "fitness":0.5564241754
    },
    "27":{
        "E_mean":0.5617163884,
        "E_field":59940.9657620732,
        "fitness":0.5558129646
    },
    "28":{
        "E_mean":0.561891484,
        "E_field":59957.4052878609,
        "fitness":0.5576320127
    },
    "29":{
        "E_mean":0.5620078445,
        "E_field":59954.7782596777,
        "fitness":0.5574856705
    },
    "30":{
        "E_mean":0.5621380189,
        "E_field":59955.5666133978,
        "fitness":0.5576946802
    },
    "31":{
        "E_mean":0.5622477947,
        "E_field":59958.6287327244,
        "fitness":0.5581106679
    },
    "32":{
        "E_mean":0.5623416875,
        "E_field":59958.7361951678,
        "fitness":0.558215307
    },
    "33":{
        "E_mean":0.5625329284,
        "E_field":59955.2901653555,
        "fitness":0.558061945
    },
    "34":{
        "E_mean":0.5625510157,
        "E_field":59939.911715621,
        "fitness":0.5565421873
    },
    "35":{
        "E_mean":0.562618317,
        "E_field":59949.7241272047,
        "fitness":0.5575907297
    },
    "36":{
        "E_mean":0.5626927309,
        "E_field":59953.0213587462,
        "fitness":0.5579948667
    },
    "37":{
        "E_mean":0.5626680841,
        "E_field":59937.731588093,
        "fitness":0.5564412429
    },
    "38":{
        "E_mean":0.5626423809,
        "E_field":59934.1117581765,
        "fitness":0.5560535567
    },
    "39":{
        "E_mean":0.5626691228,
        "E_field":59940.3534417789,
        "fitness":0.5567044669
    },
    "40":{
        "E_mean":0.5627263388,
        "E_field":59946.7052231281,
        "fitness":0.5573968611
    },
    "41":{
        "E_mean":0.5627524189,
        "E_field":59947.5082142004,
        "fitness":0.5575032403
    },
    "42":{
        "E_mean":0.562819527,
        "E_field":59941.9338150189,
        "fitness":0.5570129085
    },
    "43":{
        "E_mean":0.5628351756,
        "E_field":59938.7273370829,
        "fitness":0.5567079094
    },
    "44":{
        "E_mean":0.5628145947,
        "E_field":59938.4571077468,
        "fitness":0.5566603055
    },
    "45":{
        "E_mean":0.562964776,
        "E_field":59951.455759227,
        "fitness":0.5581103519
    },
    "46":{
        "E_mean":0.5630268041,
        "E_field":59939.3616133309,
        "fitness":0.5569629654
    },
    "47":{
        "E_mean":0.5630743839,
        "E_field":59943.9035135871,
        "fitness":0.5574647352
    },
    "48":{
        "E_mean":0.5630973593,
        "E_field":59935.2492536338,
        "fitness":0.5566222846
    },
    "49":{
        "E_mean":0.563128207,
        "E_field":59934.6287303816,
        "fitness":0.55659108
    },
    "50":{
        "E_mean":0.5631431813,
        "E_field":59933.1478279558,
        "fitness":0.5564579641
    },
    "51":{
        "E_mean":0.5631553968,
        "E_field":59937.751981585,
        "fitness":0.556930595
    },
    "52":{
        "E_mean":0.5632257152,
        "E_field":59938.6880748584,
        "fitness":0.5570945227
    },
    "53":{
        "E_mean":0.5632260518,
        "E_field":59935.0495042838,
        "fitness":0.5567310023
    },
    "54":{
        "E_mean":0.5632256014,
        "E_field":59931.387456357,
        "fitness":0.556364347
    },
    "55":{
        "E_mean":0.5631529333,
        "E_field":59921.4590859836,
        "fitness":0.5552988419
    }
}